1;Fernando Herrera;fherrera;fherrera@correo.com;;;;2021-10-19;2021-10-19 23:59:00
2;Juan Pablo De la torre Valdez;jdelatorre;jdelatorre@correo.com;;;;2021-10-19;2021-10-19 23:59:00
3;Jose Javier Villena;jvillena;jvillena@correo.com;;;;2021-10-19;2021-10-19 23:59:00
4;Global Mentoring;gmentoring;gmentoring@correo.com;;;;2021-10-19;2021-10-19 23:59:00
5;Héctor Costa Guzmán;hguzman;hguzman@correo.com;;;;2021-10-19;2021-10-19 23:59:00
6;Víctor Robles;vrobles;vrobles@correo.com;;;;2021-10-19;2021-10-19 23:59:00
7;Mariano Rivas;mrivas;mrivas@correo.com;;;;2021-10-19;2021-10-19 23:59:00
8;Carlos Arturo Esparza;cesparza;cesparza@correo.com;;;;2021-10-19;2021-10-19 23:59:00
9;Gianmarco Tantaruna;gtantaruna;gtantaruna@correo.com;;;;2021-10-19;2021-10-19 23:59:00
10;Alejandro Miguel Taboada Sanchez;jdelataboada;jdelataboada@correo.com;;;;2021-10-19;2021-10-19 23:59:00
11;Juan Gabriel Gomila Salas;jgomila;jgomila@correo.com;;;;2021-10-19;2021-10-19 23:59:00
12;Ing. Emiliano Ocariz;iocariz;iocariz@correo.com;;;;2021-10-19;2021-10-19 23:59:00
13;Andrés José Guzmán;aguzmán;aguzmán@correo.com;;;;2021-10-19;2021-10-19 23:59:00
14;Juan Fernando Urrego;jurrego;jurrego@correo.com;;;;2021-10-19;2021-10-19 23:59:00
15;Jose Luis Núñez Montes;jdelanunez;jdelanunez@correo.com;;;;2021-10-19;2021-10-19 23:59:00
16;Miguel A. M.;mm;mm@correo.com;;;;2021-10-19;2021-10-19 23:59:00
17;Juan Villalvazo;jvillalvazo;jvillalvazo@correo.com;;;;2021-10-19;2021-10-19 23:59:00
18;Juan Carlos Arcila Díaz;jdelaarcila;jdelaarcila@correo.com;;;;2021-10-19;2021-10-19 23:59:00
19;Jorge García;jgarcia;jgarcia@correo.com;;;;2021-10-19;2021-10-19 23:59:00
20;Javier Arturo Vázquez Olivares;jdelavazquez;jdelavazquez@correo.com;;;;2021-10-19;2021-10-19 23:59:00
21;Rodrigo Martinez Blanco;rblanco;rblanco@correo.com;;;;2021-10-19;2021-10-19 23:59:00
22;Ángel Arias;aarias;aarias@correo.com;;;;2021-10-19;2021-10-19 23:59:00
23;Aldo Olivares;aolivares;aolivares@correo.com;;;;2021-10-19;2021-10-19 23:59:00
24;Redait Media;rmedia;rmedia@correo.com;;;;2021-10-19;2021-10-19 23:59:00
