1;Marshall Kilburn Portable Wireless;1;2021-10-19;2021-10-19 23:59:00
2;Xbox One Wireless Controller Black Color;2;2021-10-19;2021-10-19 23:59:00
3;Sound Intone I65 Earphone White Version;3;2021-10-19;2021-10-19 23:59:00
4;Samsung Gear VR Reality Headset;4;2021-10-19;2021-10-19 23:59:00
5;Sound Intone I65 White Version;5;2021-10-19;2021-10-19 23:59:00
6;Samsung Gear VR Virtual Reality Headset;6;2021-10-19;2021-10-19 23:59:00
7;Samsung UHD TV 24inch;1;2021-10-19;2021-10-19 23:59:00
8;EPSON Plaster Printer;2;2021-10-19;2021-10-19 23:59:00
9;Marshall Kilburn Portable Wireless 2;3;2021-10-19;2021-10-19 23:59:00
10;Xbox One Wireless Controller Black Color 2;4;2021-10-19;2021-10-19 23:59:00
11;Sound Intone I65 Earphone White Version 2;5;2021-10-19;2021-10-19 23:59:00
12;Herschel Leather Duffle Bag In Brown Color;6;2021-10-19;2021-10-19 23:59:00
13;Unero Military Classical Backpack;1;2021-10-19;2021-10-19 23:59:00
14;Rayban Rounded Sunglass Brown Color;2;2021-10-19;2021-10-19 23:59:00
15;Rayban Rounded Sunglass Brown Color;3;2021-10-19;2021-10-19 23:59:00
16;Men’s Sports Runnning Swim Board Shorts;4;2021-10-19;2021-10-19 23:59:00
17;Paul’s Smith Sneaker InWhite Color;5;2021-10-19;2021-10-19 23:59:00
18;Herschel Leather Duffle Bag In Brown Color 2;6;2021-10-19;2021-10-19 23:59:00
19;Unero Military Classical Backpack 2;1;2021-10-19;2021-10-19 23:59:00
20;Rayban Rounded Sunglass Brown Color 2;2;2021-10-19;2021-10-19 23:59:00
21;Korea Long Sofa Fabric In Blue Navy Color;3;2021-10-19;2021-10-19 23:59:00
22;Aroma Rice Cooker;4;2021-10-19;2021-10-19 23:59:00
23;Simple Plastice Chair In White Color;5;2021-10-19;2021-10-19 23:59:00
24;Korea Fabric Chair In Brown Color;6;2021-10-19;2021-10-19 23:59:00
25;Set 14-Piece Knife From KichiKit;1;2021-10-19;2021-10-19 23:59:00
26;Magic Bullet NutriBullet Pro 900 Series Blender;2;2021-10-19;2021-10-19 23:59:00
27;Korea Long Sofa Fabric In Blue Navy Color 2;3;2021-10-19;2021-10-19 23:59:00
28;Aroma Rice Cooker 2;4;2021-10-19;2021-10-19 23:59:00
29;Simple Plastice Chair In White Color 2;5;2021-10-19;2021-10-19 23:59:00
30;Aveeno Moisturizing Body Shower 450ml;6;2021-10-19;2021-10-19 23:59:00
31;NYX Beauty Couton Pallete Makeup 12;1;2021-10-19;2021-10-19 23:59:00
32;Baxter Care Hair Kit For Bearded Mens;2;2021-10-19;2021-10-19 23:59:00
33;Anna Sui Putty Mask Perfection;3;2021-10-19;2021-10-19 23:59:00
34;Set 30 Piece Korea StartSkin Natural Mask;4;2021-10-19;2021-10-19 23:59:00
35;Ciate Palemore Lipstick Bold Red Color;5;2021-10-19;2021-10-19 23:59:00
36;MVMTH Classical Leather Watch In Black;6;2021-10-19;2021-10-19 23:59:00
37;MVMTH Classical Leather Watch In Black 2;1;2021-10-19;2021-10-19 23:59:00
38;MVMTH Classical Leather Watch In Black 3;2;2021-10-19;2021-10-19 23:59:00
39;MVMTH Classical Leather Watch In Black 4;3;2021-10-19;2021-10-19 23:59:00
40;MVMTH Classical Leather Watch In Black 5;4;2021-10-19;2021-10-19 23:59:00
41;MVMTH Classical Leather Watch In Black 6;5;2021-10-19;2021-10-19 23:59:00
42;Sound I65 Earphone White Version;6;2021-10-19;2021-10-19 23:59:00
43;Beat Spill 2.0 Wireless Speaker – White;1;2021-10-19;2021-10-19 23:59:00
44;ASUS Chromebook Flip – 10.2 Inch;2;2021-10-19;2021-10-19 23:59:00
45;Apple Macbook Retina Display 12;3;2021-10-19;2021-10-19 23:59:00
46;Samsung Gear VR Virtual Reality;4;2021-10-19;2021-10-19 23:59:00
47;Apple iPhone Retina 6s Plus 64GB;5;2021-10-19;2021-10-19 23:59:00
